Property_Title,Property_URL,Location,Address,Price,Rate_per_sqft,Deposit,Property_Type,Room_Type,Bedrooms,Bathrooms,Balconies,Furnishing,Carpet_Area,Available_From,Available_For,Posted_By,Posted_Date,Rating,Nearby_Places,Scraped_Date
"1BHK1BathIndependent/Builder Floor for Rentin Paryavaran Complex, Delhi",https://www.99acres.com/1-bhk-bedroom-independent-builder-floor-for-rent-in-paryavaran-complex-south-delhi-555-sq-ft-spid-S84279606,"West Delhi Jan 21, 2022Why Vikas Puri is a popular rental hub?Jan 04, 2022Delhi:",SocietyVitrified FlooringNorth-East FacingView 7 More Wheel Chair FriendlyPet FriendlyVisitor Parkin,"₹ 19,000",₹0,N/A,Independent,N/A,1,1,1,Semi-Furnished,555 sq.ft,Immediate,N/A,Dealer,N/A,N/A,N/A,2025-10-12 16:07:34
"2BHK2BathsFlat/Apartment for Rentin DDA Flats Mayur Vihar, Mayur Vihar Phase 1, Delhi",https://www.99acres.com/2-bhk-bedroom-apartment-flat-for-rent-in-dda-flats-mayur-vihar-mayur-vihar-phase-1-east-delhi-1000-sq-ft-r14-spid-M54241536,"West Delhi Jan 21, 2022Why Vikas Puri is a popular rental hub?Jan 04, 2022Delhi:",Flat for rent in DDA Flats Mayur Vihar Mayur Vihar Phase 1 Delhi - 1000 Sq. Ft.- 3rd floor (out of 4,"₹ 35,000",₹0,"₹ 42,000",Apartment/Flat,N/A,2,2,2,Semi-Furnished,1000 sq.ft,Immediate,N/A,Dealer,N/A,N/A,N/A,2025-10-12 16:07:46
"1BHK2BathsFlat/Apartment for Rentin DDA Kaveri Apartments, Sector D Vasant Kunj, Delhi",https://www.99acres.com/1-bhk-bedroom-apartment-flat-for-rent-in-dda-kaveri-apartments-sector-d-vasant-kunj-south-delhi-581-sq-ft-r3-spid-D80445697,"West Delhi Jan 21, 2022Why Vikas Puri is a popular rental hub?Jan 04, 2022Delhi:",Flat for rent in DDA Kaveri Apartments Sector D Vasant Kunj Delhi - 581 Sq. Ft.- 3rd floor (out of 5,"₹ 27,000",₹0,N/A,Apartment/Flat,N/A,1,2,1,Semi-Furnished,581 sq.ft,Immediate,N/A,Dealer,N/A,N/A,N/A,2025-10-12 16:07:57
"3BHK3BathsIndependent/Builder Floor for Rentin Nangal Dewat, Delhi",https://www.99acres.com/3-bhk-bedroom-independent-builder-floor-for-rent-in-nangal-dewat-delhi-south-1800-sq-ft-r4-spid-B68369548,"West Delhi Jan 21, 2022Why Vikas Puri is a popular rental hub?Jan 04, 2022Delhi:",SocietyEast FacingView 9 More Wheel Chair FriendlyPet FriendlyVisitor Parking AvailableOn-Call Maint,₹ 1.4,₹0,N/A,Independent,N/A,3,3,1,N/A,1800 sq.ft,Immediate,N/A,Dealer,N/A,N/A,N/A,2025-10-12 16:08:06
"3BHK3BathsIndependent/Builder Floor for Rentin Bali Nagar, Delhi",https://www.99acres.com/3-bhk-bedroom-independent-builder-floor-for-rent-in-bali-nagar-west-delhi-1700-sq-ft-spid-J84514316,Paschim ViharBuilder Floor for rent in Virender NagarBuilder Floor for rent in P,"Block WZ, Basai Dara pur, Moti Nagar,, West DelhiSend enquiry to DealerYou are Individual DealerIND ","₹ 65,000",₹0,N/A,Independent,N/A,3,3,2,Furnished,1700 sq.ft,Immediate,N/A,Dealer,N/A,N/A,N/A,2025-10-12 16:08:16
"3BHK3BathsFlat/Apartment for Rentin Capital Apartments, Nasirpur, Delhi",https://www.99acres.com/3-bhk-bedroom-apartment-flat-for-rent-in-capital-apartments-nasirpur-dwarka-delhi-2102-sq-ft-spid-Y85717496,"West Delhi Jan 21, 2022Why Vikas Puri is a popular rental hub?Jan 04, 2022Delhi:",Flat for rent in Capital Apartments Nasirpur Delhi - 2102 Sq. Ft.- 4th floor (out of 14),"₹ 65,000",N/A,N/A,Apartment/Flat,N/A,3,3,3,Furnished,2102 sq.ft,Immediate,N/A,Dealer,N/A,N/A,N/A,2025-10-12 16:08:24
"4Bedrooms4BathsFarm House for Rentin Sultanpur, Delhi",https://www.99acres.com/4-bhk-bedroom-farm-house-for-rent-in-sultanpur-south-delhi-21780-sq-ft-spid-W83679634,"West Delhi Jan 21, 2022Why Vikas Puri is a popular rental hub?Jan 04, 2022Delhi:","House for Rent in Sultanpur, DelhiDivine Frank RealtyAman KapoorFEATURED DEALERMember Since Aug, 201",₹ 6.5,N/A,N/A,N/A,N/A,4,4,N/A,N/A,21780 sq.ft,Immediate,N/A,Dealer,N/A,N/A,N/A,2025-10-12 16:08:32
"1RK1BathStudio Apartment for Rentin DDA Flats, Saket, Delhi",https://www.99acres.com/studio-apartment-flat-for-rent-in-dda-flats-saket-south-delhi-500-sq-ft-spid-C83725554,"West Delhi Jan 21, 2022Why Vikas Puri is a popular rental hub?Jan 04, 2022Delhi:",Flat Flats for rent in DDA Flats Saket Delhi - 500 Sq. Ft.- 4th floor (out of 4),"₹ 28,000",₹0,N/A,Apartment/Flat,N/A,1,1,1,Furnished,500 sq.ft,Immediate,N/A,Dealer,N/A,N/A,N/A,2025-10-12 16:08:43
"5Bedrooms5BathsFarm House for Rentin Ansal Satbari, Delhi",https://www.99acres.com/5-bhk-bedroom-farm-house-for-rent-in-ansal-satbari-south-delhi-43560-sq-ft-spid-P82266320,"West Delhi Jan 21, 2022Why Vikas Puri is a popular rental hub?Jan 04, 2022Delhi:","House for Rent in Ansal Satbari, DelhiDivine Frank RealtyAman KapoorFEATURED DEALERMember Since Aug,",₹ 12,N/A,"₹ 48,00,000",Apartment/Flat,N/A,5,5,N/A,N/A,43560 sq.ft,Immediate,N/A,Dealer,N/A,N/A,N/A,2025-10-12 16:08:52
"3BHK4BathsFlat/Apartment for Rentin DLF One Midtown, Moti Nagar, Delhi",https://www.99acres.com/3-bhk-bedroom-apartment-flat-for-rent-in-dlf-one-midtown-moti-nagar-west-delhi-2300-sq-ft-spid-D85849448,Paschim ViharFlats for rent in Mansarovar gardenFlats for rent in Baljeet NagarF,Flat for rent in DLF One Midtown Moti Nagar Delhi - 2300 Sq. Ft.- 6th floor (out of 39),₹ 1.45,₹0,N/A,Apartment/Flat,N/A,3,4,1,Furnished,2300 sq.ft,30 Oct,N/A,Dealer,N/A,N/A,N/A,2025-10-12 16:09:01
"6Bedrooms7BathsFarm House for Rentin LUXURY FARMHOUSE, Vasant Kunj, Delhi",https://www.99acres.com/6-bhk-bedroom-farm-house-for-rent-in-vasant-kunj-south-delhi-108901-sq-ft-r2-spid-J69967096,"West Delhi Jan 21, 2022Why Vikas Puri is a popular rental hub?Jan 04, 2022Delhi:","House for Rent in LUXURY FARMHOUSE, Vasant Kunj, DelhiDivine Frank RealtyAman KapoorFEATURED DEALERM",₹ 10,N/A,"₹ 40,00,000",Apartment/Flat,N/A,6,7,N/A,N/A,108901 sq.ft,Immediate,N/A,Dealer,N/A,N/A,N/A,2025-10-12 16:09:11
"5Bedrooms7BathsFarm House for Rentin Vasant Kunj, Delhi",https://www.99acres.com/5-bhk-bedroom-farm-house-for-rent-in-vasant-kunj-south-delhi-21780-sq-ft-r1-spid-F76047373,"West Delhi Jan 21, 2022Why Vikas Puri is a popular rental hub?Jan 04, 2022Delhi:","House for Rent in Vasant Kunj, DelhiDivine Frank RealtyAman KapoorFEATURED DEALERMember Since Aug, 2",₹ 10,N/A,"₹ 30,00,000",Apartment/Flat,N/A,5,7,N/A,Furnished,21780 sq.ft,Immediate,N/A,Dealer,N/A,N/A,N/A,2025-10-12 16:09:20
"3BHK3BathsFlat/Apartment for Rentin DLF One Midtown, Moti Nagar, Delhi",https://www.99acres.com/3-bhk-bedroom-apartment-flat-for-rent-in-dlf-one-midtown-moti-nagar-west-delhi-2400-sq-ft-spid-S85316692,Paschim ViharFlats for rent in Mansarovar gardenFlats for rent in Baljeet NagarF,Flat for rent in DLF One Midtown Moti Nagar Delhi - 2400 Sq. Ft.- 12th floor (out of 39),₹ 1.22,₹0,"₹ 2,70,000",Apartment/Flat,N/A,3,3,3,Furnished,2400 sq.ft,Immediate,N/A,Dealer,N/A,N/A,N/A,2025-10-12 16:09:29
"4BHK5BathsFlat/Apartment for Rentin DDA Flats Sector B Pocket 10, Pocket 10 Sector-B vasant Kunj, Delhi",https://www.99acres.com/4-bhk-bedroom-apartment-flat-for-rent-in-dda-flats-sector-b-pocket-10-pocket-10-sector-b-vasant-kunj-south-delhi-2200-sq-ft-spid-G85550616,"West Delhi Jan 21, 2022Why Vikas Puri is a popular rental hub?Jan 04, 2022Delhi:",Flat for rent in DDA Flats Sector B Pocket 10 Pocket 10 Sector-B vasant Kunj Delhi - 2200 Sq. Ft.- G,₹ 1.25,₹0,N/A,Apartment/Flat,N/A,4,5,2,Furnished,2200 sq.ft,Immediate,N/A,Dealer,N/A,N/A,N/A,2025-10-12 16:09:38
"5Bedrooms4BathsFarm House for Rentin Vasant Kunj, Delhi",https://www.99acres.com/5-bhk-bedroom-farm-house-for-rent-in-vasant-kunj-south-delhi-54451-sq-ft-spid-T83916604,"West Delhi Jan 21, 2022Why Vikas Puri is a popular rental hub?Jan 04, 2022Delhi:","House for Rent in Vasant Kunj, DelhiDev Properties and Legal ConsultantsDev Properties and Legal Con",₹ 6,N/A,N/A,Apartment/Flat,N/A,5,4,N/A,Furnished,54451 sq.ft,Immediate,N/A,Dealer,N/A,N/A,N/A,2025-10-12 16:09:48
"3BHK3BathsIndependent/Builder Floor for Rentin Defence Colony, South Delhi",https://www.99acres.com/3-bhk-bedroom-independent-builder-floor-for-rent-in-defence-colony-south-delhi-2853-sq-ft-spid-T84392402,"West Delhi Jan 21, 2022Why Vikas Puri is a popular rental hub?Jan 04, 2022Delhi:",SocietyCorner PropertyVitrified FlooringView 7 More Wheel Chair FriendlyVisitor Parking AvailableOn-,₹ 3,₹0,N/A,Independent,N/A,3,3,2,Semi-Furnished,2853 sq.ft,Immediate,N/A,Dealer,N/A,N/A,N/A,2025-10-12 16:09:56
"3BHK3BathsIndependent/Builder Floor for Rentin Block C Defence Colony, Delhi",https://www.99acres.com/3-bhk-bedroom-independent-builder-floor-for-rent-in-block-c-defence-colony-south-delhi-2000-sq-ft-spid-L84448728,"West Delhi Jan 21, 2022Why Vikas Puri is a popular rental hub?Jan 04, 2022Delhi:",Block C Defence Colony Delhi - 2000 Sq. Ft.- 3rd floor (out of 4),₹ 2.5,₹0,N/A,Independent,N/A,3,3,N/A,Semi-Furnished,2000 sq.ft,Immediate,N/A,Dealer,N/A,N/A,N/A,2025-10-12 16:10:06
"4BHK4BathsIndependent/Builder Floor for Rentin c2 block Janakpuri , Janakpuri, West Delhi",https://www.99acres.com/4-bhk-bedroom-independent-builder-floor-for-rent-in-janakpuri-west-delhi-2025-sq-ft-spid-M84086084,"Paschim Vihar, DelhiEnquire NowContact NowVerifiedSandeep Kumar (Dealer) 28th Se",SocietyMarble FlooringVisitor Parking AvailableView 5 More On-Call Maintenance StaffFeng Shui/ Vaast,"₹ 71,000",N/A,"₹ 1,42,000",Independent,N/A,4,4,2,Semi-Furnished,2025 sq.ft,Immediate,N/A,Dealer,N/A,N/A,N/A,2025-10-12 16:10:15
"5Bedrooms6BathsFarm House for Rentin Bandh Road, South Delhi, Delhi",https://www.99acres.com/5-bhk-bedroom-farm-house-for-rent-in-bandh-road-south-delhi-43560-sq-ft-spid-K84787666,"West Delhi Jan 21, 2022Why Vikas Puri is a popular rental hub?Jan 04, 2022Delhi:","House for Rent in Bandh Road, South Delhi, DelhiShekhawat PropertiesNarender ShekhawatFEATURED DEALE",₹ 17,N/A,N/A,N/A,N/A,5,6,N/A,Furnished,43560 sq.ft,Immediate,N/A,Dealer,N/A,N/A,N/A,2025-10-12 16:10:24
"5Bedrooms6BathsFarm House for Rentin Vasant Kunj, Delhi",https://www.99acres.com/5-bhk-bedroom-farm-house-for-rent-in-vasant-kunj-south-delhi-9000-sq-ft-r1-spid-N77068285,"West Delhi Jan 21, 2022Why Vikas Puri is a popular rental hub?Jan 04, 2022Delhi:","House for Rent in Vasant Kunj, DelhiDivine Frank RealtyAman KapoorFEATURED DEALERMember Since Aug, 2",₹ 6,N/A,"₹ 18,00,000",Apartment/Flat,N/A,5,6,N/A,Furnished,9000 sq.ft,Immediate,N/A,Dealer,N/A,N/A,N/A,2025-10-12 16:10:34
"4BHK4BathsIndependent/Builder Floor for Rentin 478 yards brand new floor 4bhk, South Extension 2, Delhi",https://www.99acres.com/4-bhk-bedroom-independent-builder-floor-for-rent-in-south-extension-2-south-delhi-4302-sq-ft-spid-D84590174,"West Delhi Jan 21, 2022Why Vikas Puri is a popular rental hub?Jan 04, 2022Delhi:",RWA (+250)BLM (+590)SHN (+290)KNA (+1869)LCA (+1758)MAF (+1599)SPM (+508)VCT (+1784)WSM (+685)SMR (+,₹ 2.5,N/A,N/A,Independent,N/A,4,4,3,Semi-Furnished,4302 sq.ft,Immediate,N/A,Dealer,N/A,N/A,N/A,2025-10-12 16:10:42
"4BHK5BathsFlat/Apartment for Rentin DLF Capital Greens 1 and 2, Moti Nagar, Delhi",https://www.99acres.com/4-bhk-bedroom-apartment-flat-for-rent-in-dlf-capital-greens-1-and-2-moti-nagar-west-delhi-2500-sq-ft-spid-Q83479550,Paschim ViharFlats for rent in Mansarovar gardenFlats for rent in Baljeet NagarF,Flat for rent in DLF Capital Greens 1 and 2 Moti Nagar Delhi - 2500 Sq. Ft.- 11th floor (out of 26),₹ 1.25,₹0,"₹ 2,60,000",Apartment/Flat,N/A,4,5,N/A,Semi-Furnished,2500 sq.ft,Immediate,N/A,Dealer,N/A,N/A,N/A,2025-10-12 16:10:51
"3BHK2BathsFlat/Apartment for Rentin DLF Capital Greens 1 and 2, Moti Nagar, Delhi",https://www.99acres.com/3-bhk-bedroom-apartment-flat-for-rent-in-dlf-capital-greens-1-and-2-moti-nagar-west-delhi-1580-sq-ft-r1-spid-K81655242,Paschim ViharFlats for rent in Mansarovar gardenFlats for rent in Baljeet NagarF,Flat for rent in DLF Capital Greens 1 and 2 Moti Nagar Delhi - 1580 Sq. Ft.- 16th floor (out of 30),"₹ 57,000",₹0,"₹ 1,10,000",Apartment/Flat,N/A,3,2,3,Furnished,1580 sq.ft,Immediate,N/A,Dealer,N/A,N/A,N/A,2025-10-12 16:11:01
"2BHK2BathsIndependent/Builder Floor for Rentin Defence Colony, South Delhi",https://www.99acres.com/2-bhk-bedroom-independent-builder-floor-for-rent-in-defence-colony-south-delhi-1400-sq-ft-spid-Y85789692,"West Delhi Jan 21, 2022Why Vikas Puri is a popular rental hub?Jan 04, 2022Delhi:",SocietyNatural LightAiry RoomsSpacious InteriorsParking AvailableModular KitchenFitness Center/ GymC,₹ 2.5,₹0,N/A,Independent,N/A,2,2,1,Furnished,1400 sq.ft,Immediate,N/A,Dealer,N/A,N/A,N/A,2025-10-12 16:11:11
"3BHK3BathsFlat/Apartment for Rentin DLF Capital Greens 1 and 2, Moti Nagar, Delhi",https://www.99acres.com/3-bhk-bedroom-apartment-flat-for-rent-in-dlf-capital-greens-1-and-2-moti-nagar-west-delhi-1580-sq-ft-r1-spid-A81654734,Paschim ViharFlats for rent in Mansarovar gardenFlats for rent in Baljeet NagarF,Flat for rent in DLF Capital Greens 1 and 2 Moti Nagar Delhi - 1580 Sq. Ft.- 4th floor (out of 26),"₹ 53,000",₹0,"₹ 1,10,000",Apartment/Flat,N/A,3,3,3,Furnished,1580 sq.ft,Immediate,N/A,Dealer,N/A,N/A,N/A,2025-10-12 16:11:19
"1RK1BathStudio Apartment for Rentin DLF Capital Greens 1 and 2, Moti Nagar, Delhi",https://www.99acres.com/studio-apartment-flat-for-rent-in-dlf-capital-greens-1-and-2-moti-nagar-west-delhi-361-sq-ft-spid-C85850232,Paschim ViharStudio Apartments for rent in Tagore GardenStudio Apartments for re,Flat Flats for rent in DLF Capital Greens 1 and 2 Moti Nagar Delhi - 361 Sq. Ft.- 2nd floor (out of ,"₹ 26,000",₹0,N/A,Apartment/Flat,N/A,1,1,N/A,Furnished,361 sq.ft,Immediate,N/A,Dealer,N/A,N/A,N/A,2025-10-12 16:11:29
"3BHK2BathsFlat/Apartment for Rentin DLF Capital Greens 1 and 2, Moti Nagar, Delhi",https://www.99acres.com/3-bhk-bedroom-apartment-flat-for-rent-in-dlf-capital-greens-1-and-2-moti-nagar-west-delhi-1753-sq-ft-spid-K85414192,Paschim ViharFlats for rent in Mansarovar gardenFlats for rent in Baljeet NagarF,Flat for rent in DLF Capital Greens 1 and 2 Moti Nagar Delhi - 1753 Sq. Ft.- 13th floor (out of 26),"₹ 55,500",₹0,"₹ 1,11,000",Apartment/Flat,N/A,3,2,3,Furnished,1753 sq.ft,Immediate,N/A,Dealer,N/A,N/A,N/A,2025-10-12 16:11:38
"3BHK3BathsFlat/Apartment for Rentin DLF One Midtown, Moti Nagar, Delhi",https://www.99acres.com/3-bhk-bedroom-apartment-flat-for-rent-in-dlf-one-midtown-moti-nagar-west-delhi-2278-sq-ft-spid-A84171830,Paschim ViharFlats for rent in Mansarovar gardenFlats for rent in Baljeet NagarF,Flat for rent in DLF One Midtown Moti Nagar Delhi - 2278 Sq. Ft.- 20th floor (out of 39),₹ 1.45,₹0,"₹ 2,90,000",Apartment/Flat,N/A,3,3,2,Furnished,2278 sq.ft,Immediate,N/A,Dealer,N/A,N/A,N/A,2025-10-12 16:11:48
"3BHK2BathsFlat/Apartment for Rentin DDA Flats Sarita Vihar, Sarita Vihar, Delhi",https://www.99acres.com/3-bhk-bedroom-apartment-flat-for-rent-in-dda-flats-sarita-vihar-sarita-vihar-south-delhi-1800-sq-ft-spid-L85338584,"West Delhi Jan 21, 2022Why Vikas Puri is a popular rental hub?Jan 04, 2022Delhi:",Flat for rent in DDA Flats Sarita Vihar Sarita Vihar Delhi - 1800 Sq. Ft.- 2nd floor (out of 4),"₹ 41,000",₹0,"₹ 82,000",Apartment/Flat,N/A,3,2,2,Furnished,1800 sq.ft,Immediate,N/A,Dealer,N/A,N/A,N/A,2025-10-12 16:11:58
"3BHK2BathsIndependent/Builder Floor for Rentin Chattarpur, Delhi",https://www.99acres.com/3-bhk-bedroom-independent-builder-floor-for-rent-in-chattarpur-south-delhi-1200-sq-ft-spid-M85136716,"West Delhi Jan 21, 2022Why Vikas Puri is a popular rental hub?Jan 04, 2022Delhi:",SocietyVitrified FlooringPet FriendlyView 6 More Visitor Parking AvailableOn-Call Maintenance StaffF,"₹ 32,000",₹0,"₹ 32,000",Independent,N/A,3,2,2,Semi-Furnished,1200 sq.ft,Immediate,N/A,Dealer,N/A,N/A,N/A,2025-10-12 16:12:07
"3BHK3BathsFlat/Apartment for Rentin DLF Capital Greens 1 and 2, Moti Nagar, Delhi",https://www.99acres.com/3-bhk-bedroom-apartment-flat-for-rent-in-dlf-capital-greens-1-and-2-moti-nagar-west-delhi-1753-sq-ft-spid-Q85421682,Paschim ViharFlats for rent in Mansarovar gardenFlats for rent in Baljeet NagarF,Flat for rent in DLF Capital Greens 1 and 2 Moti Nagar Delhi - 1753 Sq. Ft.- 16th floor (out of 26),"₹ 59,500",₹0,"₹ 1,19,000",Apartment/Flat,N/A,3,3,3,Furnished,1753 sq.ft,Immediate,N/A,Dealer,N/A,N/A,N/A,2025-10-12 16:12:15
"3BHK2BathsFlat/Apartment for Rentin Saraswati Narmada Ganga Yamuna Apartment, Vasant Kunj, Delhi",https://www.99acres.com/3-bhk-bedroom-apartment-flat-for-rent-in-saraswati-narmada-ganga-yamuna-apartment-vasant-kunj-south-delhi-1800-sq-ft-spid-M81889176,"West Delhi Jan 21, 2022Why Vikas Puri is a popular rental hub?Jan 04, 2022Delhi:",Flat for rent in Saraswati Narmada Ganga Yamuna Apartment Vasant Kunj Delhi - 1800 Sq. Ft.- 2nd floo,"₹ 65,000",₹0,"₹ 1,30,000",Apartment/Flat,N/A,3,2,3,Furnished,1800 sq.ft,Immediate,N/A,Dealer,N/A,N/A,N/A,2025-10-12 16:12:25
"3BHK3BathsIndependent/Builder Floor for Rentin Preet Vihar, Delhi",https://www.99acres.com/3-bhk-bedroom-independent-builder-floor-for-rent-in-preet-vihar-east-delhi-1728-sq-ft-r2-spid-I80110947,"West Delhi Jan 21, 2022Why Vikas Puri is a popular rental hub?Jan 04, 2022Delhi:","Block C Preet Vihar,Block E Preet vihar,Block G Preet Vihar,Madhuban Enclave,Anand Vihar,P...MoreAbo","₹ 50,000",N/A,N/A,Independent,N/A,3,3,2,Semi-Furnished,1728 sq.ft,Immediate,N/A,Dealer,N/A,N/A,N/A,2025-10-12 16:12:35
"3BHK3BathsIndependent/Builder Floor for Rentin Block A Defence Colony, Delhi",https://www.99acres.com/3-bhk-bedroom-independent-builder-floor-for-rent-in-block-a-defence-colony-south-delhi-1600-sq-ft-spid-N84526024,"West Delhi Jan 21, 2022Why Vikas Puri is a popular rental hub?Jan 04, 2022Delhi:",Block A Defence Colony Delhi - 1600 Sq. Ft.- 4th floor (out of 4),₹ 1.6,₹0,N/A,Independent,N/A,3,3,3,Semi-Furnished,1600 sq.ft,Immediate,N/A,Dealer,N/A,N/A,N/A,2025-10-12 16:12:43
"3BHK2BathsFlat/Apartment for Rentin DLF Capital Greens 1 and 2, Moti Nagar, Delhi",https://www.99acres.com/3-bhk-bedroom-apartment-flat-for-rent-in-dlf-capital-greens-1-and-2-moti-nagar-west-delhi-1753-sq-ft-spid-Y85354858,Paschim ViharFlats for rent in Mansarovar gardenFlats for rent in Baljeet NagarF,Flat for rent in DLF Capital Greens 1 and 2 Moti Nagar Delhi - 1753 Sq. Ft.- 6th floor (out of 26),"₹ 55,000",₹0,"₹ 1,10,000",Apartment/Flat,N/A,3,2,3,Semi-Furnished,1753 sq.ft,Immediate,N/A,Dealer,N/A,N/A,N/A,2025-10-12 16:12:53
"3BHK3BathsIndependent/Builder Floor for Rentin E Block RWA Greater Kailash 1, Greater Kailash 1, Delhi",https://www.99acres.com/3-bhk-bedroom-independent-builder-floor-for-rent-in-e-block-rwa-greater-kailash-1-greater-kailash-1-south-delhi-1450-sq-ft-spid-P85744780,"West Delhi Jan 21, 2022Why Vikas Puri is a popular rental hub?Jan 04, 2022Delhi:",Block RWA Greater Kailash 1 Greater Kailash 1 Delhi - 1450 Sq. Ft.- 1st floor (out of 2),"₹ 85,000",₹0,N/A,Independent,N/A,3,3,2,Furnished,1450 sq.ft,Immediate,N/A,Dealer,N/A,N/A,N/A,2025-10-12 16:13:03
"5Bedrooms5BathsFarm House for Rentin Vasant Kunj, Delhi",https://www.99acres.com/5-bhk-bedroom-farm-house-for-rent-in-vasant-kunj-south-delhi-8091-sq-ft-spid-A85273812,"West Delhi Jan 21, 2022Why Vikas Puri is a popular rental hub?Jan 04, 2022Delhi:","House for Rent in Vasant Kunj, DelhiShortlistProperty added to your shortlistContact DealerFREE STAT",₹ 4,N/A,N/A,Apartment/Flat,N/A,5,5,1,Semi-Furnished,8091 sq.ft,Immediate,N/A,Dealer,N/A,N/A,N/A,2025-10-12 16:13:13
"3BHK3BathsFlat/Apartment for Rentin B1 Vasant Kunj, Sector B Vasant Kunj, Delhi",https://www.99acres.com/3-bhk-bedroom-apartment-flat-for-rent-in-b1-vasant-kunj-sector-b-vasant-kunj-south-delhi-2000-sq-ft-spid-H83861308,"West Delhi Jan 21, 2022Why Vikas Puri is a popular rental hub?Jan 04, 2022Delhi:",Flat for rent in B1 Vasant Kunj Sector B Vasant Kunj Delhi - 2000 Sq. Ft.- 1st floor (out of 3),₹ 1,₹0,N/A,Apartment/Flat,N/A,3,3,2,Semi-Furnished,2000 sq.ft,Immediate,N/A,Dealer,N/A,N/A,N/A,2025-10-12 16:13:22
"4BHK4BathsIndependent/Builder Floor for Rentin Greater Kailash 2, Delhi",https://www.99acres.com/4-bhk-bedroom-independent-builder-floor-for-rent-in-greater-kailash-2-south-delhi-2700-sq-ft-spid-M84873572,"West Delhi Jan 21, 2022Why Vikas Puri is a popular rental hub?Jan 04, 2022Delhi:",SocietyMarble FlooringView 10 More Visitor Parking AvailableOn-Call Maintenance StaffFeng Shui/ Vaas,₹ 2.3,₹0,N/A,Independent,N/A,4,4,2,Furnished,2700 sq.ft,Immediate,N/A,Dealer,N/A,N/A,N/A,2025-10-12 16:13:32
"4BHK4BathsIndependent/Builder Floor for Rentin Vasant Vihar, Delhi",https://www.99acres.com/4-bhk-bedroom-independent-builder-floor-for-rent-in-vasant-vihar-south-delhi-3000-sq-ft-spid-H85788888,"West Delhi Jan 21, 2022Why Vikas Puri is a popular rental hub?Jan 04, 2022Delhi:",Block MarketGurudwara SahibMunir khan tombGurudwaraState bank of india ATMCGHS Dispensary R.K.Puram ,₹ 4,₹0,"₹ 8,00,000",Independent,N/A,4,4,3,N/A,3000 sq.ft,Immediate,N/A,Dealer,N/A,N/A,N/A,2025-10-12 16:13:41
"1RK1BathStudio Apartment for Rentin DLF Capital Greens 1 and 2, Moti Nagar, Delhi",https://www.99acres.com/studio-apartment-flat-for-rent-in-dlf-capital-greens-1-and-2-moti-nagar-west-delhi-361-sq-ft-spid-F85351346,Paschim ViharStudio Apartments for rent in Tagore GardenStudio Apartments for re,Flat Flats for rent in DLF Capital Greens 1 and 2 Moti Nagar Delhi - 361 Sq. Ft.- 3rd floor (out of ,"₹ 23,000",₹0,"₹ 46,000",Apartment/Flat,N/A,1,1,N/A,Furnished,361 sq.ft,Immediate,N/A,Dealer,N/A,N/A,N/A,2025-10-12 16:13:50
"3BHK3BathsIndependent/Builder Floor for Rentin Janakpuri, West Delhi",https://www.99acres.com/3-bhk-bedroom-independent-builder-floor-for-rent-in-janakpuri-west-delhi-1500-sq-ft-r1-spid-G83030006,"Paschim Vihar, DelhiEnquire NowContact NowVerifiedSandeep Kumar (Dealer) 08th Se",RWA (+250)BLM (+590)SHN (+290)KNA (+1869)LCA (+1758)MAF (+1599)SPM (+508)VCT (+1784)WSM (+685)SMR (+,"₹ 65,000",₹0,N/A,Independent,N/A,3,3,1,Semi-Furnished,1500 sq.ft,Immediate,N/A,Dealer,N/A,N/A,N/A,2025-10-12 16:14:00
"3BHK3BathsFlat/Apartment for Rentin DDA B5 and 6 Block D, Vasant Kunj, Delhi",https://www.99acres.com/3-bhk-bedroom-apartment-flat-for-rent-in-dda-b5-and-6-block-d-vasant-kunj-south-delhi-1800-sq-ft-spid-A83860752,"West Delhi Jan 21, 2022Why Vikas Puri is a popular rental hub?Jan 04, 2022Delhi:",Flat for rent in DDA B5 and 6 Block D Vasant Kunj Delhi - 1800 Sq. Ft.- 1st floor (out of 3),₹ 1,₹0,N/A,Apartment/Flat,N/A,3,3,2,Semi-Furnished,1800 sq.ft,Immediate,N/A,Dealer,N/A,N/A,N/A,2025-10-12 16:14:09
"3BHK3BathsIndependent/Builder Floor for Rentin Safdarjung Enclave RWA, Safdarjung Enclave, Delhi",https://www.99acres.com/3-bhk-bedroom-independent-builder-floor-for-rent-in-safdarjung-enclave-rwa-safdarjung-enclave-south-delhi-1700-sq-ft-spid-Y85460966,"West Delhi Jan 21, 2022Why Vikas Puri is a popular rental hub?Jan 04, 2022Delhi:",RWA Safdarjung Enclave Delhi - 1700 Sq. Ft.- Ground floor (out of 4),₹ 1.2,₹0,N/A,Independent,N/A,3,3,1,Furnished,1700 sq.ft,Immediate,N/A,Dealer,N/A,N/A,N/A,2025-10-12 16:14:18
"3BHK2BathsFlat/Apartment for Rentin premium Society , Mayur Vihar Phase 1 Extension, Delhi",https://www.99acres.com/3-bhk-bedroom-apartment-flat-for-rent-in-mayur-vihar-phase-1-extension-east-delhi-1700-sq-ft-spid-G85815848,"West Delhi Jan 21, 2022Why Vikas Puri is a popular rental hub?Jan 04, 2022Delhi:",Flat for rent in Mayur Vihar Phase 1 Extension Delhi - 1700 Sq. Ft.- 2nd floor (out of 7),"₹ 75,000",₹0,"₹ 1,50,000",Apartment/Flat,N/A,3,2,2,Furnished,1700 sq.ft,01 Nov,N/A,Dealer,N/A,N/A,N/A,2025-10-12 16:14:28
"4BHK4BathsFlat/Apartment for Rentin Vatika Apartment, Sector C Vasant Kunj, Delhi",https://www.99acres.com/4-bhk-bedroom-apartment-flat-for-rent-in-vatika-apartment-sector-c-vasant-kunj-south-delhi-2000-sq-ft-spid-Y84570160,"West Delhi Jan 21, 2022Why Vikas Puri is a popular rental hub?Jan 04, 2022Delhi:",Flat for rent in Vatika Apartment Sector C Vasant Kunj Delhi - 2000 Sq. Ft.- 1st floor (out of 4),₹ 2,₹0,N/A,Apartment/Flat,N/A,4,4,2,Unfurnished,2000 sq.ft,Immediate,N/A,Dealer,N/A,N/A,N/A,2025-10-12 16:14:36
"4BHK4BathsFlat/Apartment for Rentin C BLOCK VASANT KUNJ, Sector C Vasant Kunj, Delhi",https://www.99acres.com/4-bhk-bedroom-apartment-flat-for-rent-in-sector-c-vasant-kunj-south-delhi-2100-sq-ft-spid-D85456130,"West Delhi Jan 21, 2022Why Vikas Puri is a popular rental hub?Jan 04, 2022Delhi:",Flat for rent in Sector C Vasant Kunj Delhi - 2100 Sq. Ft.- Ground floor (out of 3),"₹ 85,000",₹0,N/A,Apartment/Flat,N/A,4,4,2,Furnished,2100 sq.ft,Immediate,N/A,Dealer,N/A,N/A,N/A,2025-10-12 16:14:46
"3BHK4BathsIndependent/Builder Floor for Rentin South Delhi Premium Builder Floors, Defence Colony, South Delhi",https://www.99acres.com/3-bhk-bedroom-independent-builder-floor-for-rent-in-south-delhi-premium-builder-floors-defence-colony-south-delhi-2925-sq-ft-r20-spid-O45329141,"West Delhi Jan 21, 2022Why Vikas Puri is a popular rental hub?Jan 04, 2022Delhi:",SocietyDealer DetailsExplore LocalityRecommendationsArticlesHome›Property for rent in Delhi / NCR›Pr,₹ 2.85,N/A,N/A,Independent,N/A,3,4,N/A,Furnished,2925 sq.ft,Immediate,N/A,Dealer,N/A,N/A,N/A,2025-10-12 16:14:55
"9Bedrooms10BathsIndependent House/Villa for Rentin Defence Colony Villas, Defence Colony, South Delhi",https://www.99acres.com/9-bhk-bedroom-independent-house-villa-for-rent-in-defence-colony-villas-defence-colony-south-delhi-2700-sq-ft-r17-spid-N45724519,"West Delhi Jan 21, 2022Why Vikas Puri is a popular rental hub?Jan 04, 2022Delhi:",House / Villa for rent in Defence Colony Villas Defence Colony South Delhi - 2700 Sq. Ft.,₹ 8.5,N/A,N/A,Independent,N/A,9,10,N/A,N/A,2700 sq.ft,Immediate,N/A,Dealer,N/A,N/A,N/A,2025-10-12 16:15:05
"4BHK4BathsIndependent/Builder Floor for Rentin SDA, Safdarjung Development Area, Delhi",https://www.99acres.com/4-bhk-bedroom-independent-builder-floor-for-rent-in-safdarjung-development-area-south-delhi-4050-sq-ft-spid-L85149230,"West Delhi Jan 21, 2022Why Vikas Puri is a popular rental hub?Jan 04, 2022Delhi:",SocietyCorner PropertyFeng Shui/ Vaastu CompliantAiry RoomsParking AvailableModular KitchenFitness C,₹ 3,N/A,"₹ 6,00,000",Independent,N/A,4,4,2,Furnished,4050 sq.ft,Immediate,N/A,Dealer,N/A,N/A,N/A,2025-10-12 16:15:14
"4BHK4BathsIndependent/Builder Floor for Rentin RWA Greater Kailash 2, Greater Kailash 2, Delhi",https://www.99acres.com/4-bhk-bedroom-independent-builder-floor-for-rent-in-rwa-greater-kailash-2-greater-kailash-2-south-delhi-2700-sq-ft-spid-I84967074,"West Delhi Jan 21, 2022Why Vikas Puri is a popular rental hub?Jan 04, 2022Delhi:",RWA Greater Kailash 2 Greater Kailash 2 Delhi - 2700 Sq. Ft.- 1st floor (out of 4),₹ 1.7,N/A,"₹ 3,40,000",Independent,N/A,4,4,2,Furnished,2700 sq.ft,Immediate,N/A,Dealer,N/A,N/A,N/A,2025-10-12 16:15:24
"4BHK4BathsFlat/Apartment for Rentin DLF Capital Greens 1 and 2, Moti Nagar, Delhi",https://www.99acres.com/4-bhk-bedroom-apartment-flat-for-rent-in-dlf-capital-greens-1-and-2-moti-nagar-west-delhi-2885-sq-ft-spid-F85571866,Paschim ViharFlats for rent in Mansarovar gardenFlats for rent in Baljeet NagarF,Flat for rent in DLF Capital Greens 1 and 2 Moti Nagar Delhi - 2885 Sq. Ft.- 22nd floor (out of 26),₹ 1.25,₹0,N/A,Apartment/Flat,N/A,4,4,3,Furnished,2885 sq.ft,Immediate,N/A,Dealer,N/A,N/A,N/A,2025-10-12 16:15:34
"3BHK3BathsFlat/Apartment for Rentin DLF One Midtown, Moti Nagar, Delhi",https://www.99acres.com/3-bhk-bedroom-apartment-flat-for-rent-in-dlf-one-midtown-moti-nagar-west-delhi-2278-sq-ft-spid-A84171830,Paschim ViharFlats for rent in Mansarovar gardenFlats for rent in Baljeet NagarF,Flat for rent in DLF One Midtown Moti Nagar Delhi - 2278 Sq. Ft.- 20th floor (out of 39),₹ 1.45,₹0,"₹ 2,90,000",Apartment/Flat,N/A,3,3,2,Furnished,2278 sq.ft,Immediate,N/A,Dealer,N/A,N/A,N/A,2025-10-12 16:15:44
"3BHK2BathsFlat/Apartment for Rentin DDA Flats Sarita Vihar, Sarita Vihar, Delhi",https://www.99acres.com/3-bhk-bedroom-apartment-flat-for-rent-in-dda-flats-sarita-vihar-sarita-vihar-south-delhi-1800-sq-ft-spid-L85338584,"West Delhi Jan 21, 2022Why Vikas Puri is a popular rental hub?Jan 04, 2022Delhi:",Flat for rent in DDA Flats Sarita Vihar Sarita Vihar Delhi - 1800 Sq. Ft.- 2nd floor (out of 4),"₹ 41,000",₹0,"₹ 82,000",Apartment/Flat,N/A,3,2,2,Furnished,1800 sq.ft,Immediate,N/A,Dealer,N/A,N/A,N/A,2025-10-12 16:15:53
"3BHK2BathsIndependent/Builder Floor for Rentin Chattarpur, Delhi",https://www.99acres.com/3-bhk-bedroom-independent-builder-floor-for-rent-in-chattarpur-south-delhi-1200-sq-ft-spid-M85136716,"West Delhi Jan 21, 2022Why Vikas Puri is a popular rental hub?Jan 04, 2022Delhi:",SocietyVitrified FlooringPet FriendlyView 6 More Visitor Parking AvailableOn-Call Maintenance StaffF,"₹ 32,000",₹0,"₹ 32,000",Independent,N/A,3,2,2,Semi-Furnished,1200 sq.ft,Immediate,N/A,Dealer,N/A,N/A,N/A,2025-10-12 16:16:01
"3BHK3BathsFlat/Apartment for Rentin DLF Capital Greens 1 and 2, Moti Nagar, Delhi",https://www.99acres.com/3-bhk-bedroom-apartment-flat-for-rent-in-dlf-capital-greens-1-and-2-moti-nagar-west-delhi-1753-sq-ft-spid-Q85421682,Paschim ViharFlats for rent in Mansarovar gardenFlats for rent in Baljeet NagarF,Flat for rent in DLF Capital Greens 1 and 2 Moti Nagar Delhi - 1753 Sq. Ft.- 16th floor (out of 26),"₹ 59,500",₹0,"₹ 1,19,000",Apartment/Flat,N/A,3,3,3,Furnished,1753 sq.ft,Immediate,N/A,Dealer,N/A,N/A,N/A,2025-10-12 16:16:10
"3BHK2BathsFlat/Apartment for Rentin Saraswati Narmada Ganga Yamuna Apartment, Vasant Kunj, Delhi",https://www.99acres.com/3-bhk-bedroom-apartment-flat-for-rent-in-saraswati-narmada-ganga-yamuna-apartment-vasant-kunj-south-delhi-1800-sq-ft-spid-M81889176,"West Delhi Jan 21, 2022Why Vikas Puri is a popular rental hub?Jan 04, 2022Delhi:",Flat for rent in Saraswati Narmada Ganga Yamuna Apartment Vasant Kunj Delhi - 1800 Sq. Ft.- 2nd floo,"₹ 65,000",₹0,"₹ 1,30,000",Apartment/Flat,N/A,3,2,3,Furnished,1800 sq.ft,Immediate,N/A,Dealer,N/A,N/A,N/A,2025-10-12 16:16:19
"3BHK3BathsIndependent/Builder Floor for Rentin Preet Vihar, Delhi",https://www.99acres.com/3-bhk-bedroom-independent-builder-floor-for-rent-in-preet-vihar-east-delhi-1728-sq-ft-r2-spid-I80110947,"West Delhi Jan 21, 2022Why Vikas Puri is a popular rental hub?Jan 04, 2022Delhi:","Block C Preet Vihar,Block E Preet vihar,Block G Preet Vihar,Madhuban Enclave,Anand Vihar,P...MoreAbo","₹ 50,000",N/A,N/A,Independent,N/A,3,3,2,Semi-Furnished,1728 sq.ft,Immediate,N/A,Dealer,N/A,N/A,N/A,2025-10-12 16:16:29
"3BHK3BathsIndependent/Builder Floor for Rentin Block A Defence Colony, Delhi",https://www.99acres.com/3-bhk-bedroom-independent-builder-floor-for-rent-in-block-a-defence-colony-south-delhi-1600-sq-ft-spid-N84526024,"West Delhi Jan 21, 2022Why Vikas Puri is a popular rental hub?Jan 04, 2022Delhi:",Block A Defence Colony Delhi - 1600 Sq. Ft.- 4th floor (out of 4),₹ 1.6,₹0,N/A,Independent,N/A,3,3,3,Semi-Furnished,1600 sq.ft,Immediate,N/A,Dealer,N/A,N/A,N/A,2025-10-12 16:16:37
"3BHK2BathsFlat/Apartment for Rentin DLF Capital Greens 1 and 2, Moti Nagar, Delhi",https://www.99acres.com/3-bhk-bedroom-apartment-flat-for-rent-in-dlf-capital-greens-1-and-2-moti-nagar-west-delhi-1753-sq-ft-spid-Y85354858,Paschim ViharFlats for rent in Mansarovar gardenFlats for rent in Baljeet NagarF,Flat for rent in DLF Capital Greens 1 and 2 Moti Nagar Delhi - 1753 Sq. Ft.- 6th floor (out of 26),"₹ 55,000",₹0,"₹ 1,10,000",Apartment/Flat,N/A,3,2,3,Semi-Furnished,1753 sq.ft,Immediate,N/A,Dealer,N/A,N/A,N/A,2025-10-12 16:16:47
"3BHK3BathsIndependent/Builder Floor for Rentin E Block RWA Greater Kailash 1, Greater Kailash 1, Delhi",https://www.99acres.com/3-bhk-bedroom-independent-builder-floor-for-rent-in-e-block-rwa-greater-kailash-1-greater-kailash-1-south-delhi-1450-sq-ft-spid-P85744780,"West Delhi Jan 21, 2022Why Vikas Puri is a popular rental hub?Jan 04, 2022Delhi:",Block RWA Greater Kailash 1 Greater Kailash 1 Delhi - 1450 Sq. Ft.- 1st floor (out of 2),"₹ 85,000",₹0,N/A,Independent,N/A,3,3,2,Furnished,1450 sq.ft,Immediate,N/A,Dealer,N/A,N/A,N/A,2025-10-12 16:16:57
"5Bedrooms5BathsFarm House for Rentin Vasant Kunj, Delhi",https://www.99acres.com/5-bhk-bedroom-farm-house-for-rent-in-vasant-kunj-south-delhi-8091-sq-ft-spid-A85273812,"West Delhi Jan 21, 2022Why Vikas Puri is a popular rental hub?Jan 04, 2022Delhi:","House for Rent in Vasant Kunj, DelhiShortlistProperty added to your shortlistContact DealerFREE STAT",₹ 4,N/A,N/A,Apartment/Flat,N/A,5,5,1,Semi-Furnished,8091 sq.ft,Immediate,N/A,Dealer,N/A,N/A,N/A,2025-10-12 16:17:06
"3BHK3BathsFlat/Apartment for Rentin B1 Vasant Kunj, Sector B Vasant Kunj, Delhi",https://www.99acres.com/3-bhk-bedroom-apartment-flat-for-rent-in-b1-vasant-kunj-sector-b-vasant-kunj-south-delhi-2000-sq-ft-spid-H83861308,"West Delhi Jan 21, 2022Why Vikas Puri is a popular rental hub?Jan 04, 2022Delhi:",Flat for rent in B1 Vasant Kunj Sector B Vasant Kunj Delhi - 2000 Sq. Ft.- 1st floor (out of 3),₹ 1,₹0,N/A,Apartment/Flat,N/A,3,3,2,Semi-Furnished,2000 sq.ft,Immediate,N/A,Dealer,N/A,N/A,N/A,2025-10-12 16:17:15
"4BHK4BathsIndependent/Builder Floor for Rentin Greater Kailash 2, Delhi",https://www.99acres.com/4-bhk-bedroom-independent-builder-floor-for-rent-in-greater-kailash-2-south-delhi-2700-sq-ft-spid-M84873572,"West Delhi Jan 21, 2022Why Vikas Puri is a popular rental hub?Jan 04, 2022Delhi:",SocietyMarble FlooringView 10 More Visitor Parking AvailableOn-Call Maintenance StaffFeng Shui/ Vaas,₹ 2.3,₹0,N/A,Independent,N/A,4,4,2,Furnished,2700 sq.ft,Immediate,N/A,Dealer,N/A,N/A,N/A,2025-10-12 16:17:24
"4BHK4BathsIndependent/Builder Floor for Rentin Vasant Vihar, Delhi",https://www.99acres.com/4-bhk-bedroom-independent-builder-floor-for-rent-in-vasant-vihar-south-delhi-3000-sq-ft-spid-H85788888,"West Delhi Jan 21, 2022Why Vikas Puri is a popular rental hub?Jan 04, 2022Delhi:",Block MarketGurudwara SahibMunir khan tombGurudwaraState bank of india ATMCGHS Dispensary R.K.Puram ,₹ 4,₹0,"₹ 8,00,000",Independent,N/A,4,4,3,N/A,3000 sq.ft,Immediate,N/A,Dealer,N/A,N/A,N/A,2025-10-12 16:17:34
"1RK1BathStudio Apartment for Rentin DLF Capital Greens 1 and 2, Moti Nagar, Delhi",https://www.99acres.com/studio-apartment-flat-for-rent-in-dlf-capital-greens-1-and-2-moti-nagar-west-delhi-361-sq-ft-spid-F85351346,Paschim ViharStudio Apartments for rent in Tagore GardenStudio Apartments for re,Flat Flats for rent in DLF Capital Greens 1 and 2 Moti Nagar Delhi - 361 Sq. Ft.- 3rd floor (out of ,"₹ 23,000",₹0,"₹ 46,000",Apartment/Flat,N/A,1,1,N/A,Furnished,361 sq.ft,Immediate,N/A,Dealer,N/A,N/A,N/A,2025-10-12 16:17:42
"3BHK3BathsIndependent/Builder Floor for Rentin Janakpuri, West Delhi",https://www.99acres.com/3-bhk-bedroom-independent-builder-floor-for-rent-in-janakpuri-west-delhi-1500-sq-ft-r1-spid-G83030006,"Paschim Vihar, DelhiEnquire NowContact NowVerifiedSandeep Kumar (Dealer) 08th Se",RWA (+250)BLM (+590)SHN (+290)KNA (+1869)LCA (+1758)MAF (+1599)SPM (+508)VCT (+1784)WSM (+685)SMR (+,"₹ 65,000",₹0,N/A,Independent,N/A,3,3,1,Semi-Furnished,1500 sq.ft,Immediate,N/A,Dealer,N/A,N/A,N/A,2025-10-12 16:17:52
"3BHK3BathsFlat/Apartment for Rentin DDA B5 and 6 Block D, Vasant Kunj, Delhi",https://www.99acres.com/3-bhk-bedroom-apartment-flat-for-rent-in-dda-b5-and-6-block-d-vasant-kunj-south-delhi-1800-sq-ft-spid-A83860752,"West Delhi Jan 21, 2022Why Vikas Puri is a popular rental hub?Jan 04, 2022Delhi:",Flat for rent in DDA B5 and 6 Block D Vasant Kunj Delhi - 1800 Sq. Ft.- 1st floor (out of 3),₹ 1,₹0,N/A,Apartment/Flat,N/A,3,3,2,Semi-Furnished,1800 sq.ft,Immediate,N/A,Dealer,N/A,N/A,N/A,2025-10-12 16:18:01
"3BHK3BathsIndependent/Builder Floor for Rentin Safdarjung Enclave RWA, Safdarjung Enclave, Delhi",https://www.99acres.com/3-bhk-bedroom-independent-builder-floor-for-rent-in-safdarjung-enclave-rwa-safdarjung-enclave-south-delhi-1700-sq-ft-spid-Y85460966,"West Delhi Jan 21, 2022Why Vikas Puri is a popular rental hub?Jan 04, 2022Delhi:",RWA Safdarjung Enclave Delhi - 1700 Sq. Ft.- Ground floor (out of 4),₹ 1.2,₹0,N/A,Independent,N/A,3,3,1,Furnished,1700 sq.ft,Immediate,N/A,Dealer,N/A,N/A,N/A,2025-10-12 16:18:10
"3BHK2BathsFlat/Apartment for Rentin premium Society , Mayur Vihar Phase 1 Extension, Delhi",https://www.99acres.com/3-bhk-bedroom-apartment-flat-for-rent-in-mayur-vihar-phase-1-extension-east-delhi-1700-sq-ft-spid-G85815848,"West Delhi Jan 21, 2022Why Vikas Puri is a popular rental hub?Jan 04, 2022Delhi:",Flat for rent in Mayur Vihar Phase 1 Extension Delhi - 1700 Sq. Ft.- 2nd floor (out of 7),"₹ 75,000",₹0,"₹ 1,50,000",Apartment/Flat,N/A,3,2,2,Furnished,1700 sq.ft,01 Nov,N/A,Dealer,N/A,N/A,N/A,2025-10-12 16:18:18
"4BHK4BathsFlat/Apartment for Rentin Vatika Apartment, Sector C Vasant Kunj, Delhi",https://www.99acres.com/4-bhk-bedroom-apartment-flat-for-rent-in-vatika-apartment-sector-c-vasant-kunj-south-delhi-2000-sq-ft-spid-Y84570160,"West Delhi Jan 21, 2022Why Vikas Puri is a popular rental hub?Jan 04, 2022Delhi:",Flat for rent in Vatika Apartment Sector C Vasant Kunj Delhi - 2000 Sq. Ft.- 1st floor (out of 4),₹ 2,₹0,N/A,Apartment/Flat,N/A,4,4,2,Unfurnished,2000 sq.ft,Immediate,N/A,Dealer,N/A,N/A,N/A,2025-10-12 16:18:26
"4BHK4BathsFlat/Apartment for Rentin C BLOCK VASANT KUNJ, Sector C Vasant Kunj, Delhi",https://www.99acres.com/4-bhk-bedroom-apartment-flat-for-rent-in-sector-c-vasant-kunj-south-delhi-2100-sq-ft-spid-D85456130,"West Delhi Jan 21, 2022Why Vikas Puri is a popular rental hub?Jan 04, 2022Delhi:",Flat for rent in Sector C Vasant Kunj Delhi - 2100 Sq. Ft.- Ground floor (out of 3),"₹ 85,000",₹0,N/A,Apartment/Flat,N/A,4,4,2,Furnished,2100 sq.ft,Immediate,N/A,Dealer,N/A,N/A,N/A,2025-10-12 16:18:35
"3BHK4BathsIndependent/Builder Floor for Rentin South Delhi Premium Builder Floors, Defence Colony, South Delhi",https://www.99acres.com/3-bhk-bedroom-independent-builder-floor-for-rent-in-south-delhi-premium-builder-floors-defence-colony-south-delhi-2925-sq-ft-r20-spid-O45329141,"West Delhi Jan 21, 2022Why Vikas Puri is a popular rental hub?Jan 04, 2022Delhi:",SocietyDealer DetailsExplore LocalityRecommendationsArticlesHome›Property for rent in Delhi / NCR›Pr,₹ 2.85,N/A,N/A,Independent,N/A,3,4,N/A,Furnished,2925 sq.ft,Immediate,N/A,Dealer,N/A,N/A,N/A,2025-10-12 16:18:43
"9Bedrooms10BathsIndependent House/Villa for Rentin Defence Colony Villas, Defence Colony, South Delhi",https://www.99acres.com/9-bhk-bedroom-independent-house-villa-for-rent-in-defence-colony-villas-defence-colony-south-delhi-2700-sq-ft-r17-spid-N45724519,"West Delhi Jan 21, 2022Why Vikas Puri is a popular rental hub?Jan 04, 2022Delhi:",House / Villa for rent in Defence Colony Villas Defence Colony South Delhi - 2700 Sq. Ft.,₹ 8.5,N/A,N/A,Independent,N/A,9,10,N/A,N/A,2700 sq.ft,Immediate,N/A,Dealer,N/A,N/A,N/A,2025-10-12 16:18:52
"4BHK4BathsIndependent/Builder Floor for Rentin SDA, Safdarjung Development Area, Delhi",https://www.99acres.com/4-bhk-bedroom-independent-builder-floor-for-rent-in-safdarjung-development-area-south-delhi-4050-sq-ft-spid-L85149230,"West Delhi Jan 21, 2022Why Vikas Puri is a popular rental hub?Jan 04, 2022Delhi:",SocietyCorner PropertyFeng Shui/ Vaastu CompliantAiry RoomsParking AvailableModular KitchenFitness C,₹ 3,N/A,"₹ 6,00,000",Independent,N/A,4,4,2,Furnished,4050 sq.ft,Immediate,N/A,Dealer,N/A,N/A,N/A,2025-10-12 16:19:01
"4BHK4BathsIndependent/Builder Floor for Rentin RWA Greater Kailash 2, Greater Kailash 2, Delhi",https://www.99acres.com/4-bhk-bedroom-independent-builder-floor-for-rent-in-rwa-greater-kailash-2-greater-kailash-2-south-delhi-2700-sq-ft-spid-I84967074,"West Delhi Jan 21, 2022Why Vikas Puri is a popular rental hub?Jan 04, 2022Delhi:",RWA Greater Kailash 2 Greater Kailash 2 Delhi - 2700 Sq. Ft.- 1st floor (out of 4),₹ 1.7,N/A,"₹ 3,40,000",Independent,N/A,4,4,2,Furnished,2700 sq.ft,Immediate,N/A,Dealer,N/A,N/A,N/A,2025-10-12 16:19:09
"4BHK4BathsFlat/Apartment for Rentin DLF Capital Greens 1 and 2, Moti Nagar, Delhi",https://www.99acres.com/4-bhk-bedroom-apartment-flat-for-rent-in-dlf-capital-greens-1-and-2-moti-nagar-west-delhi-2885-sq-ft-spid-F85571866,Paschim ViharFlats for rent in Mansarovar gardenFlats for rent in Baljeet NagarF,Flat for rent in DLF Capital Greens 1 and 2 Moti Nagar Delhi - 2885 Sq. Ft.- 22nd floor (out of 26),₹ 1.25,₹0,N/A,Apartment/Flat,N/A,4,4,3,Furnished,2885 sq.ft,Immediate,N/A,Dealer,N/A,N/A,N/A,2025-10-12 16:19:19
"4BHK4BathsFlat/Apartment for Rentin DLF Capital Greens 1 and 2, Moti Nagar, Delhi",https://www.99acres.com/4-bhk-bedroom-apartment-flat-for-rent-in-dlf-capital-greens-1-and-2-moti-nagar-west-delhi-2885-sq-ft-spid-W85571950,Paschim ViharFlats for rent in Mansarovar gardenFlats for rent in Baljeet NagarF,Flat for rent in DLF Capital Greens 1 and 2 Moti Nagar Delhi - 2885 Sq. Ft.- 6th floor (out of 26),₹ 1.15,₹0,N/A,Apartment/Flat,N/A,4,4,3,Furnished,2885 sq.ft,Immediate,N/A,Dealer,N/A,N/A,N/A,2025-10-12 16:19:29
"3BHK3BathsFlat/Apartment for Rentin DLF Capital Greens 1 and 2, Moti Nagar, Delhi",https://www.99acres.com/3-bhk-bedroom-apartment-flat-for-rent-in-dlf-capital-greens-1-and-2-moti-nagar-west-delhi-1465-sq-ft-spid-B85571800,Paschim ViharFlats for rent in Mansarovar gardenFlats for rent in Baljeet NagarF,Flat for rent in DLF Capital Greens 1 and 2 Moti Nagar Delhi - 1465 Sq. Ft.- 20th floor (out of 26),"₹ 65,000",₹0,N/A,Apartment/Flat,N/A,3,3,3,Semi-Furnished,1465 sq.ft,Immediate,N/A,Dealer,N/A,N/A,N/A,2025-10-12 16:19:38
"3BHK2BathsFlat/Apartment for Rentin DLF Capital Greens 1 and 2, Moti Nagar, Delhi",https://www.99acres.com/3-bhk-bedroom-apartment-flat-for-rent-in-dlf-capital-greens-1-and-2-moti-nagar-west-delhi-1435-sq-ft-spid-F85571728,Paschim ViharFlats for rent in Mansarovar gardenFlats for rent in Baljeet NagarF,Flat for rent in DLF Capital Greens 1 and 2 Moti Nagar Delhi - 1435 Sq. Ft.- 7th floor (out of 26),"₹ 55,000",₹0,N/A,Apartment/Flat,N/A,3,2,2,Semi-Furnished,1435 sq.ft,Immediate,N/A,Dealer,N/A,N/A,N/A,2025-10-12 16:19:48
"4BHK5BathsIndependent/Builder Floor for Rentin Vasant Vihar, Delhi",https://www.99acres.com/4-bhk-bedroom-independent-builder-floor-for-rent-in-vasant-vihar-south-delhi-3600-sq-ft-spid-T84541638,"West Delhi Jan 21, 2022Why Vikas Puri is a popular rental hub?Jan 04, 2022Delhi:",Block MarketGurudwara SahibMunir khan tombGurudwaraState bank of india ATMCGHS Wellness Centre R.K.P,₹ 2.9,₹0,"₹ 5,70,000",Independent,N/A,4,5,3,N/A,3600 sq.ft,Immediate,N/A,Dealer,N/A,N/A,N/A,2025-10-12 16:19:58
"4BHK4BathsIndependent/Builder Floor for Rentin Hauz Khas RWA, Hauz Khas, Delhi",https://www.99acres.com/4-bhk-bedroom-independent-builder-floor-for-rent-in-hauz-khas-rwa-hauz-khas-south-delhi-2799-sq-ft-spid-V85185494,"West Delhi Jan 21, 2022Why Vikas Puri is a popular rental hub?Jan 04, 2022Delhi:",RWA Hauz Khas Delhi - 2799 Sq. Ft.- 2nd floor (out of 4),₹ 1.75,N/A,"₹ 3,50,000",Independent,N/A,4,4,2,N/A,2799 sq.ft,Immediate,N/A,Dealer,N/A,N/A,N/A,2025-10-12 16:20:08
"3BHK3BathsIndependent/Builder Floor for Rentin Greater Kailash 1, Delhi",https://www.99acres.com/3-bhk-bedroom-independent-builder-floor-for-rent-in-greater-kailash-1-south-delhi-1800-sq-ft-spid-B81254283,"West Delhi Jan 21, 2022Why Vikas Puri is a popular rental hub?Jan 04, 2022Delhi:",SocietyCorner PropertyMarble FlooringView 7 More Feng Shui/ Vaastu CompliantNatural LightAiry RoomsS,₹ 1.1,₹0,N/A,Independent,N/A,3,3,2,Unfurnished,1800 sq.ft,Immediate,N/A,Dealer,N/A,N/A,N/A,2025-10-12 16:20:18
"3BHK2BathsFlat/Apartment for Rentin builder floor Vasant Kunj , Bhawani Kunj, Delhi",https://www.99acres.com/3-bhk-bedroom-apartment-flat-for-rent-in-bhawani-kunj-south-delhi-1700-sq-ft-spid-M84462864,"West Delhi Jan 21, 2022Why Vikas Puri is a popular rental hub?Jan 04, 2022Delhi:",Flat for rent in Bhawani Kunj Delhi - 1700 Sq. Ft.- 3rd floor (out of 4),"₹ 65,000",₹0,N/A,Apartment/Flat,N/A,3,2,1,Unfurnished,1700 sq.ft,Immediate,N/A,Dealer,N/A,N/A,N/A,2025-10-12 16:20:28
"1RK1BathStudio Apartment for Rentin Studio Apartment , New Rajendra Nagar, Delhi",https://www.99acres.com/studio-apartment-flat-for-rent-in-new-rajendra-nagar-central-delhi-220-sq-ft-r3-spid-Z78873261,"West Delhi, Delhi South WestSend enquiry to DealerYou are Individual DealerIND (",Flat Flats for rent in New Rajendra Nagar Delhi - 220 Sq. Ft.- 4th floor (out of 4),"₹ 22,000",₹0,N/A,Apartment/Flat,N/A,1,1,1,Furnished,220 sq.ft,Immediate,N/A,Dealer,N/A,N/A,N/A,2025-10-12 16:20:36
"4BHK4BathsIndependent/Builder Floor for Rentin Block D Vasant Vihar, South Delhi, Delhi",https://www.99acres.com/4-bhk-bedroom-independent-builder-floor-for-rent-in-block-d-vasant-vihar-south-delhi-5400-sq-ft-spid-B85781046,"West Delhi Jan 21, 2022Why Vikas Puri is a popular rental hub?Jan 04, 2022Delhi:",Block D Vasant Vihar South Delhi - 5400 Sq. Ft.- Ground floor (out of 4),₹ 5,₹0,"₹ 10,00,000",Independent,N/A,4,4,2,Unfurnished,5400 sq.ft,Immediate,N/A,Dealer,N/A,N/A,N/A,2025-10-12 16:20:45
"4BHK4BathsFlat/Apartment for Rentin Unity  Group The Amaryllis, Karol Bagh, Delhi",https://www.99acres.com/4-bhk-bedroom-apartment-flat-for-rent-in-unity-group-the-amaryllis-karol-bagh-central-delhi-2701-sq-ft-spid-U85296410,"West Delhi Jan 21, 2022Why Vikas Puri is a popular rental hub?Jan 04, 2022Delhi:",Flat for rent in Unity  Group The Amaryllis Karol Bagh Delhi - 2701 Sq. Ft.- 12th floor (out of 32),₹ 1.95,₹0,N/A,Apartment/Flat,N/A,4,4,3,Furnished,2701 sq.ft,Immediate,N/A,Dealer,N/A,N/A,N/A,2025-10-12 16:20:54
"3BHK3BathsIndependent/Builder Floor for Rentin SOUTH EXTENSION PART-2, Block P South Extension 2, Delhi",https://www.99acres.com/3-bhk-bedroom-independent-builder-floor-for-rent-in-block-p-south-extension-2-south-delhi-2250-sq-ft-spid-B84882076,"West Delhi Jan 21, 2022Why Vikas Puri is a popular rental hub?Jan 04, 2022Delhi:",Block P South Extension 2 Delhi - 2250 Sq. Ft.- 2nd floor (out of 4),₹ 1.7,N/A,"₹ 3,40,000",Independent,N/A,3,3,2,N/A,2250 sq.ft,Immediate,N/A,Dealer,N/A,N/A,N/A,2025-10-12 16:21:03
"1BHK1BathIndependent/Builder Floor for Rentin Chattarpur Enclave Phase 2, Delhi",https://www.99acres.com/1-bhk-bedroom-independent-builder-floor-for-rent-in-chattarpur-enclave-phase-2-delhi-south-500-sq-ft-spid-V85676248,"West Delhi Jan 21, 2022Why Vikas Puri is a popular rental hub?Jan 04, 2022Delhi:",Phase 2 Delhi - 500 Sq. Ft.- 1st floor (out of 4),"₹ 22,000",₹0,N/A,Independent,N/A,1,1,2,Furnished,500 sq.ft,Immediate,N/A,Dealer,N/A,N/A,N/A,2025-10-12 16:21:12
"4BHK4BathsIndependent/Builder Floor for Rentin RWA Greater Kailash 2, Greater Kailash 2, Delhi",https://www.99acres.com/4-bhk-bedroom-independent-builder-floor-for-rent-in-rwa-greater-kailash-2-greater-kailash-2-south-delhi-2700-sq-ft-r1-spid-M83934658,"West Delhi Jan 21, 2022Why Vikas Puri is a popular rental hub?Jan 04, 2022Delhi:",RWA Greater Kailash 2 Greater Kailash 2 Delhi - 2700 Sq. Ft.- Ground floor (out of 4),₹ 1.75,N/A,"₹ 3,50,000",Independent,N/A,4,4,2,Furnished,2700 sq.ft,Immediate,N/A,Dealer,N/A,N/A,N/A,2025-10-12 16:21:21
"3BHK2BathsIndependent/Builder Floor for Rentin Old Rajinder Nagar, Delhi",https://www.99acres.com/3-bhk-bedroom-independent-builder-floor-for-rent-in-old-rajinder-nagar-central-delhi-850-sq-ft-r3-spid-F77675585,"West Delhi, Delhi South WestSend enquiry to DealerYou are Individual DealerIND (",HouseArt Of SpicesTalli Station Rajendra PlaceMcDonald'sImlyKitchen with a causeAdyar Ananda BhavanA,"₹ 50,000",₹0,N/A,Independent,N/A,3,2,1,Furnished,850 sq.ft,Immediate,N/A,Dealer,N/A,N/A,N/A,2025-10-12 16:21:31
"3BHK2BathsIndependent/Builder Floor for Rentin Old Rajinder Nagar, Delhi",https://www.99acres.com/3-bhk-bedroom-independent-builder-floor-for-rent-in-old-rajinder-nagar-central-delhi-850-sq-ft-r4-spid-R76909863,"West Delhi, Delhi South WestSend enquiry to DealerYou are Individual DealerIND (",HouseArt Of SpicesKitchen with a causeManav Sthali SchoolSindhi Higher Secondary SchoolDI Khan Bhara,"₹ 55,000",₹0,N/A,Independent,N/A,3,2,1,Furnished,850 sq.ft,Immediate,N/A,Dealer,N/A,N/A,N/A,2025-10-12 16:21:39
"3BHK3BathsIndependent/Builder Floor for Rentin Block E Greater Kailash 1, Delhi",https://www.99acres.com/3-bhk-bedroom-independent-builder-floor-for-rent-in-e-block-greater-kailash-1-south-delhi-1900-sq-ft-spid-E85136584,"West Delhi Jan 21, 2022Why Vikas Puri is a popular rental hub?Jan 04, 2022Delhi:",Block E Greater Kailash 1 Delhi - 1900 Sq. Ft.- 3rd floor (out of 3),₹ 1.3,N/A,N/A,Independent,N/A,3,3,3,Furnished,1900 sq.ft,Immediate,N/A,Dealer,N/A,N/A,N/A,2025-10-12 16:21:48
"4BHK4BathsIndependent/Builder Floor for Rentin RWA Panchsheel Park, Panchsheel Park, Delhi",https://www.99acres.com/4-bhk-bedroom-independent-builder-floor-for-rent-in-rwa-panchsheel-park-panchsheel-park-south-delhi-4500-sq-ft-spid-G84858940,"West Delhi Jan 21, 2022Why Vikas Puri is a popular rental hub?Jan 04, 2022Delhi:",RWA Panchsheel Park Panchsheel Park Delhi - 4500 Sq. Ft.- 1st floor (out of 3),₹ 2.4,N/A,"₹ 4,80,000",Independent,N/A,4,4,2,N/A,4500 sq.ft,Immediate,N/A,Dealer,N/A,N/A,N/A,2025-10-12 16:21:57
"1BHK2BathsFlat/Apartment for Rentin Saraswati Narmada Ganga Yamuna Apartment, Vasant Kunj, Delhi",https://www.99acres.com/1-bhk-bedroom-apartment-flat-for-rent-in-saraswati-narmada-ganga-yamuna-apartment-vasant-kunj-south-delhi-800-sq-ft-r5-spid-H58154848,"West Delhi Jan 21, 2022Why Vikas Puri is a popular rental hub?Jan 04, 2022Delhi:",Flat for rent in Saraswati Narmada Ganga Yamuna Apartment Vasant Kunj Delhi - 800 Sq. Ft.- 2nd floor,"₹ 33,000",₹0,N/A,Apartment/Flat,N/A,1,2,1,Furnished,800 sq.ft,Immediate,N/A,Dealer,N/A,N/A,N/A,2025-10-12 16:22:07
"3BHK3BathsFlat/Apartment for Rentin DLF Capital Greens 1 and 2, Moti Nagar, Delhi",https://www.99acres.com/3-bhk-bedroom-apartment-flat-for-rent-in-dlf-capital-greens-1-and-2-moti-nagar-west-delhi-1753-sq-ft-spid-Q85222578,Paschim ViharFlats for rent in Mansarovar gardenFlats for rent in Baljeet NagarF,Flat for rent in DLF Capital Greens 1 and 2 Moti Nagar Delhi - 1753 Sq. Ft.- 12th floor (out of 26),"₹ 58,000",₹0,N/A,Apartment/Flat,N/A,3,3,3,Furnished,1753 sq.ft,Immediate,N/A,Dealer,N/A,N/A,N/A,2025-10-12 16:22:16
"3BHK3BathsFlat/Apartment for Rentin DDA Flats Sarita Vihar, Sarita Vihar, Delhi",https://www.99acres.com/3-bhk-bedroom-apartment-flat-for-rent-in-dda-flats-sarita-vihar-sarita-vihar-south-delhi-1500-sq-ft-spid-F85059198,"West Delhi Jan 21, 2022Why Vikas Puri is a popular rental hub?Jan 04, 2022Delhi:",Flat for rent in DDA Flats Sarita Vihar Sarita Vihar Delhi - 1500 Sq. Ft.- 3rd floor (out of 4),"₹ 65,000",₹0,N/A,Apartment/Flat,N/A,3,3,2,Furnished,1500 sq.ft,Immediate,N/A,Dealer,N/A,N/A,N/A,2025-10-12 16:22:26
"3BHK2BathsFlat/Apartment for Rentin DDA Flats, Kalkaji Extension, Delhi",https://www.99acres.com/3-bhk-bedroom-apartment-flat-for-rent-in-dda-flats-kalkaji-extension-delhi-south-1600-sq-ft-r1-spid-F84057954,"West Delhi Jan 21, 2022Why Vikas Puri is a popular rental hub?Jan 04, 2022Delhi:",Flat for rent in DDA Flats Kalkaji Extension Delhi - 1600 Sq. Ft.- 2nd floor (out of 3),"₹ 40,000",₹0,N/A,Apartment/Flat,N/A,3,2,2,Semi-Furnished,1600 sq.ft,Immediate,N/A,Dealer,N/A,N/A,N/A,2025-10-12 16:22:35
"3BHK3BathsFlat/Apartment for Rentin CGHS DJA Apartments, Sector 13 Dwarka, Delhi",https://www.99acres.com/3-bhk-bedroom-apartment-flat-for-rent-in-cghs-dja-apartments-sector-13-dwarka-delhi-1805-sq-ft-spid-R85633778,West DelhiIt has a dedicated station on the Delhi Metro's Blue LineBlue Line con,Flat for rent in CGHS DJA Apartments Sector 13 Dwarka Delhi - 1805 Sq. Ft.- 5th floor (out of 10),"₹ 45,000",₹0,₹ 2,Apartment/Flat,N/A,3,3,3,Semi-Furnished,1805 sq.ft,Immediate,N/A,Dealer,N/A,N/A,N/A,2025-10-12 16:22:44
"2BHK2BathsFlat/Apartment for Rentin DLF Capital Greens 1 and 2, Moti Nagar, Delhi",https://www.99acres.com/2-bhk-bedroom-apartment-flat-for-rent-in-dlf-capital-greens-1-and-2-moti-nagar-west-delhi-1418-sq-ft-spid-N85571656,Paschim ViharFlats for rent in Virender NagarFlats for rent in Jail RoadFlats fo,Flat for rent in DLF Capital Greens 1 and 2 Moti Nagar Delhi - 1418 Sq. Ft.- 18th floor (out of 26),"₹ 52,000",₹0,N/A,Apartment/Flat,N/A,2,2,2,Furnished,1418 sq.ft,Immediate,N/A,Dealer,N/A,N/A,N/A,2025-10-12 16:22:53
"3BHK4BathsIndependent/Builder Floor for Rentin Greater Kailash 2 Luxurious Builder Floors, Greater Kailash 2, Delhi",https://www.99acres.com/3-bhk-bedroom-independent-builder-floor-for-rent-in-greater-kailash-2-luxurious-builder-floors-greater-kailash-2-south-delhi-2250-sq-ft-spid-U85212280,"West Delhi Jan 21, 2022Why Vikas Puri is a popular rental hub?Jan 04, 2022Delhi:",SocietyDealer DetailsExplore LocalityRecommendationsArticlesHome›Property for rent in Delhi / NCR›Pr,₹ 1.8,₹0,N/A,Independent,N/A,3,4,N/A,Semi-Furnished,2250 sq.ft,Immediate,N/A,Dealer,N/A,N/A,N/A,2025-10-12 16:23:02
"2BHK2BathsIndependent/Builder Floor for Rentin Ramesh Nagar, Delhi",https://www.99acres.com/2-bhk-bedroom-independent-builder-floor-for-rent-in-ramesh-nagar-west-delhi-900-sq-ft-spid-L85772570,"Paschim Vihar, DelhiEnquire NowContact NowVivek (Owner) 16th Aug, 2025 ₹ 35,000,",SocietyMarble FlooringView 1 More Parking AvailableFloor Number:Ground of 3 FloorsFlooring:MarbleGat,"₹ 39,000",N/A,N/A,Independent,N/A,2,2,2,Unfurnished,900 sq.ft,Immediate,N/A,Dealer,N/A,N/A,N/A,2025-10-12 16:23:11
